model_norm,week,weekly_avg_price,count,price_despiked,ma_price
Z5,2020-08-25,45200.0,1,45200.0,45200.0
Z5,2020-11-03,39500.0,2,39500.0,44440.0
Z5,2020-11-10,38000.0,1,38000.0,43581.333333333336
Z5,2021-02-09,30000.0,2,30000.0,41770.48888888889
Z5,2021-03-02,39000.0,2,39000.0,41401.09037037037
Z5,2021-03-09,30000.0,1,30000.0,39880.94498765432
Z5,2021-04-06,35000.0,1,35000.0,39230.152322633745
Z5,2021-06-15,35000.0,1,35000.0,38666.132012949245
Z5,2021-07-27,35000.0,1,35000.0,38177.31441122268
Z5,2021-08-03,30000.0,1,30000.0,37087.005823059655
Z5,2021-09-07,24000.0,1,24000.0,35342.071713318364
Z5,2021-09-21,32000.0,1,32000.0,34896.46215154258
Z5,2021-09-28,22000.0,1,22000.0,33176.93386467024
Z5,2021-10-12,32000.0,1,32000.0,33020.009349380874
Z5,2021-10-19,22000.0,1,22000.0,31550.674769463425
Z5,2021-11-02,28000.0,2,28000.0,31077.2514668683
Z5,2021-11-16,25333.333333333332,3,25333.333333333332,30311.395715730305
Z5,2021-11-23,22375.0,4,22375.0,29253.209620299596
Z5,2021-12-07,33000.0,1,33000.0,29752.781670926317
Z5,2021-12-21,25000.0,1,25000.0,29119.07744813614
Z5,2022-01-04,22000.0,1,22000.0,28169.867121717987
Z5,2022-01-11,23000.0,1,23000.0,27480.551505488926
Z5,2022-02-01,26750.0,2,26750.0,27383.144638090405
Z5,2022-03-01,26000.0,1,26000.0,27198.725353011687
Z5,2022-03-15,23000.0,2,23000.0,26638.895305943464
Z5,2022-03-22,25000.0,1,25000.0,26420.375931817667
Z5,2022-04-05,26500.0,2,26500.0,26430.99247424198
Z5,2022-04-12,25500.0,1,25500.0,26306.86014434305
Z5,2022-04-19,27000.0,1,27000.0,26399.278791763976
Z5,2022-05-03,24000.0,1,24000.0,26079.374952862112
Z5,2022-05-17,23000.0,1,23000.0,25668.791625813832
Z5,2022-07-12,20000.0,1,20000.0,24912.95274237199
Z5,2022-07-26,21666.666666666668,3,21666.666666666668,24480.114598944616
Z5,2022-08-02,22500.0,2,22500.0,24216.099319085333
Z5,2022-08-16,26000.0,2,26000.0,24453.95274320729
Z5,2022-08-23,26000.0,1,26000.0,24660.09237744632
Z5,2022-08-30,25000.0,1,25000.0,24705.41339378681
Z5,2022-09-13,26500.0,1,26500.0,24944.691607948567
Z5,2022-09-20,20000.0,1,20000.0,24285.399393555428
Z5,2022-10-04,23500.0,1,23500.0,24180.679474414705
Z5,2022-10-11,26500.0,1,26500.0,24489.92221115941
Z5,2022-10-25,25000.0,1,25000.0,24557.932583004822
Z5,2022-11-08,32500.0,2,25000.0,24616.874905270844
Z5,2022-11-15,25000.0,1,25000.0,24667.95825123473
Z5,2022-12-06,26000.0,3,26000.0,24845.56381773677
Z5,2022-12-13,22000.0,1,22000.0,24466.155308705198
Z5,2022-12-20,25000.0,3,25000.0,24537.33460087784
Z5,2022-12-27,25500.0,2,25500.0,24665.68998742746
Z5,2023-01-24,25000.0,1,25000.0,24710.264655770465
Z5,2023-01-31,25000.0,1,25000.0,24748.896035001068
Z5,2023-02-07,22750.0,4,22750.0,24482.376563667593
Z5,2023-02-14,22000.0,2,22000.0,24151.393021845248
Z5,2023-02-21,22000.0,1,22000.0,23864.540618932548
Z5,2023-02-28,30400.0,2,25000.0,24015.935203074874
Z5,2023-03-07,25833.333333333332,3,25833.333333333332,24258.254953776002
Z5,2023-03-21,22222.0,1,22222.0,23986.754293272537
Z5,2023-03-28,25000.0,1,25000.0,24121.8537208362
Z5,2023-04-04,25500.0,2,25500.0,24305.60655805804
Z5,2023-04-11,26000.0,1,26000.0,24531.525683650303
Z5,2023-04-18,25333.333333333332,3,25333.333333333332,24638.433370274706
Z5,2023-04-25,25000.0,1,25000.0,24686.64225423808
Z5,2023-05-02,26750.0,4,26750.0,24961.75662033967
Z5,2023-05-09,27166.666666666668,3,27166.666666666668,25255.744626516604
Z5,2023-05-16,26000.0,2,26000.0,25354.978676314393
Z5,2023-05-23,26428.571428571428,7,26428.571428571428,25498.12437661533
Z5,2023-05-30,26500.0,1,26500.0,25631.70779306662
Z5,2023-06-06,20000.0,1,26000.0,25680.813420657738
Z5,2023-06-13,27333.333333333332,3,27333.333333333332,25901.149409014484
Z5,2023-06-20,24000.0,3,24000.0,25647.66282114589
Z5,2023-06-27,22666.333333333332,6,22666.333333333332,25250.15222277088
Z5,2023-07-04,26000.0,2,26000.0,25350.13192640143
Z5,2023-07-11,26500.0,1,26500.0,25503.447669547906
Z5,2023-07-18,23000.0,3,23000.0,25169.65464694152
Z5,2023-07-25,23000.0,2,23000.0,24880.367360682652
Z5,2023-08-15,23000.0,1,23000.0,24629.651712591633
Z5,2023-08-22,22000.0,1,22000.0,24279.03148424608
Z5,2023-08-29,21000.0,2,21000.0,23841.827286346605
Z5,2023-09-12,25000.0,2,25000.0,23996.250314833724
Z5,2023-09-19,24375.0,12,24375.0,24046.750272855894
Z5,2023-09-26,22000.0,2,22000.0,23773.850236475108
Z5,2023-10-03,22000.0,1,22000.0,23537.33687161176
Z5,2023-10-10,24250.0,2,24250.0,23632.358622063522
Z5,2023-10-17,26000.0,3,26000.0,23948.04413912172
Z5,2023-10-24,26000.0,2,26000.0,24221.638253905494
Z5,2023-10-31,25666.666666666668,3,25666.666666666668,24414.30870894032
Z5,2023-11-07,27000.0,1,23714.285714285714,24320.97230965304
Z5,2023-11-14,23666.666666666668,3,23666.666666666668,24233.731557254858
Z5,2023-11-21,25333.333333333332,3,25333.333333333332,24380.345127398654
Z5,2023-12-05,23000.0,2,23000.0,24196.29911041217
Z5,2023-12-12,23000.0,3,23000.0,24036.792562357216
Z5,2023-12-19,23714.285714285714,7,23714.285714285714,23993.791649281018
Z5,2023-12-26,23666.666666666668,3,23666.666666666668,23950.174984932437
Z5,2024-01-02,23000.0,2,23000.0,23823.484986941447
Z5,2024-01-23,26800.0,1,23500.0,23780.353655349252
Z5,2024-01-30,23000.0,2,23000.0,23676.306501302686
Z5,2024-02-06,23500.0,1,23500.0,23652.79896779566
Z5,2024-02-20,21000.0,1,21000.0,23299.09243875624
Z5,2024-02-27,25000.0,3,25000.0,23525.88011358874
Z5,2024-03-05,28000.0,1,23000.0,23455.762765110245
Z5,2024-03-12,23000.0,1,23000.0,23394.99439642888
Z5,2024-04-23,21000.0,1,21000.0,23075.66181023836
Z5,2024-05-07,22000.0,3,22000.0,22932.240235539914
Z5,2024-05-14,21500.0,2,21500.0,22741.27487080126
Z5,2024-05-21,21000.0,3,21000.0,22509.10488802776
Z5,2024-05-28,22000.0,6,22000.0,22441.224236290724
Z5,2024-06-11,22000.0,4,22000.0,22382.394338118625
Z5,2024-06-25,22500.0,2,22500.0,22398.075093036143
Z5,2024-07-02,20000.0,1,20000.0,22078.33174729799
Z5,2024-07-09,41000.0,1,22000.0,22067.887514324924
Z5,2024-07-30,20000.0,1,20000.0,21792.169179081604
Z5,2024-08-13,25000.0,1,22000.0,21819.879955204055
Z5,2024-09-17,22250.0,2,22250.0,21877.229294510184
Z5,2024-09-24,21500.0,2,21500.0,21826.93205524216
Z5,2024-10-01,22000.0,1,22000.0,21850.00778120987
Z5,2024-10-08,24600.0,2,24600.0,22216.67341038189
Z5,2024-10-22,22000.0,1,22000.0,22187.78362233097
Z5,2024-11-05,26000.0,1,22000.0,22162.745806020175
Z5,2024-11-12,26000.0,1,22000.0,22141.046365217484
Z5,2024-11-19,25500.0,2,22000.0,22122.240183188485
Z5,2024-11-26,26000.0,1,22000.0,22105.94149209669
Z5,2024-12-17,21500.0,2,21500.0,22025.149293150465
Z5,2024-12-24,19875.0,4,19875.0,21738.462720730404
Z5,2024-12-31,22000.0,2,22000.0,21773.33435796635
Z5,2025-01-07,22000.0,3,22000.0,21803.556443570837
Z5,2025-01-14,19500.0,1,19500.0,21496.415584428058
Z5,2025-01-21,18500.0,1,18500.0,21096.89350650432
Z5,2025-01-28,19250.0,2,19250.0,20850.64103897041
Z5,2025-02-11,23000.0,1,23000.0,21137.22223377436
Z5,2025-02-18,20000.0,1,20000.0,20985.592602604447
Z5,2025-02-25,20000.0,1,20000.0,20854.180255590523
Z5,2025-03-11,21800.0,1,21800.0,20980.289554845123
Z5,2025-03-25,20250.0,2,20250.0,20882.91761419911
Z5,2025-04-08,22000.0,1,22000.0,21031.861932305892
Z5,2025-04-22,22000.0,1,22000.0,21160.94700799844
Z5,2025-04-29,21000.0,1,21000.0,21139.48740693198
Z5,2025-05-13,21000.0,2,21000.0,21120.88908600772
Z5,2025-05-20,20000.0,1,20000.0,20971.437207873358
Z5,2025-06-03,21500.0,1,21500.0,21041.91224682358
Z5,2025-06-10,34500.0,4,21000.0,21036.323947247103
Z5,2025-07-01,28666.666666666668,3,28666.666666666668,22053.702976503046
Z5,2025-07-22,18000.0,1,18000.0,21513.209246302642
Z5,2025-07-29,47333.333333333336,3,20000.0,21311.44801346229
Z5,2025-08-05,33000.0,2,20000.0,21136.588278333988
Z5,2025-08-12,18000.0,1,18000.0,20718.376507889458
Z5,2025-08-19,16000.0,1,16000.0,20089.25964017086
Z5,2025-08-26,16000.0,1,16000.0,19544.02502148141
Z5,2025-09-02,19200.0,1,19200.0,19498.155018617224
Z5,2025-09-16,20000.0,1,20000.0,19565.067682801597
Z5,2025-09-23,19000.0,2,19000.0,19489.725325094718
Z5,2025-09-30,18000.0,1,18000.0,19291.095281748756
Z5,2025-10-14,17666.666666666668,3,17666.666666666668,19074.50479973781
Z5,2025-10-21,18500.0,2,18500.0,18997.90415977277
Z5,2025-11-04,19000.0,2,19000.0,18998.1836051364
Z5,2025-11-18,21000.0,1,21000.0,19265.092457784882
Z5,2025-11-25,18000.0,1,18000.0,19096.413463413566
Z5,2025-12-02,20000.0,1,20000.0,19216.89166829176
Z5,2025-12-09,19160.0,5,19160.0,19209.306112519527
Z5,2025-12-16,18500.0,2,18500.0,19114.731964183593
Z5,2025-12-30,29900.0,2,19080.0,19110.10103562578
Z50,2019-11-12,25700.0,1,25700.0,25700.0
Z50,2019-11-19,25800.0,1,25800.0,25713.333333333336
Z50,2019-12-31,16500.0,1,25000.0,25618.222222222223
Z50,2020-02-04,15000.0,1,25000.0,25535.792592592592
Z50,2020-06-30,12000.0,1,25000.0,25464.353580246912
Z50,2020-07-21,26000.0,1,26000.0,25535.77310288066
Z50,2020-08-25,20750.0,2,25000.0,25464.336689163236
Z50,2020-09-01,25000.0,1,25000.0,25402.42513060814
Z50,2020-09-15,27000.0,1,27000.0,25615.435113193722
Z50,2020-09-22,25000.0,1,25000.0,25533.377098101224
Z50,2020-09-29,25000.0,2,25000.0,25462.260151687726
Z50,2020-10-13,20000.0,1,20000.0,24733.958798129363
Z50,2020-11-10,20000.0,1,20000.0,24102.764291712116
Z50,2020-11-17,19000.0,1,19000.0,23422.395719483833
Z50,2021-01-26,32000.0,1,32000.0,24566.076290219324
Z50,2021-02-02,15750.0,2,15750.0,23390.599451523416
Z50,2021-02-09,16000.0,1,16000.0,22405.186191320292
Z50,2021-03-02,14000.0,1,14000.0,21284.494699144256
Z50,2021-04-06,20333.333333333332,3,20333.333333333332,21157.6731837028
Z50,2021-04-13,27000.0,2,27000.0,21936.650092542426
Z50,2021-04-20,15166.666666666666,3,15166.666666666666,21033.985635758992
Z50,2021-04-27,22750.0,2,22750.0,21262.787550991125
Z50,2021-05-04,15700.0,2,15700.0,20521.082544192308
Z50,2021-06-15,17250.0,2,17250.0,20084.938204966667
Z50,2021-06-22,15066.666666666666,3,15066.666666666666,19415.835333193332
Z50,2021-07-06,14500.0,1,14500.0,18760.390622100887
Z50,2021-07-27,21750.0,2,21750.0,19159.00520582077
Z50,2021-08-03,25000.0,1,15700.0,18697.804511711332
Z50,2021-08-17,13000.0,2,13000.0,17938.097243483156
Z50,2021-08-24,26000.0,1,15700.0,17639.684277685403
Z50,2021-08-31,17000.0,1,17000.0,17554.39304066068
Z50,2021-09-21,17500.0,2,17500.0,17547.14063523926
Z50,2021-10-05,14000.0,1,14000.0,17074.18855054069
Z50,2021-11-23,12000.0,2,12000.0,16397.630077135265
Z50,2021-11-30,11000.0,1,11000.0,15677.946066850564
Z50,2021-12-21,12000.0,1,12000.0,15187.553257937156
Z50,2022-02-15,20000.0,1,20000.0,15829.212823545535
Z50,2022-02-22,14500.0,1,14500.0,15651.984447072799
Z50,2022-03-01,18000.0,1,18000.0,15965.053187463092
Z50,2022-03-08,15500.0,1,15500.0,15903.046095801346
Z50,2022-04-05,14000.0,3,14000.0,15649.306616361167
Z50,2022-05-24,42714.28571428572,7,16650.0,15782.732400846346
Z50,2022-05-31,16800.0,1,16800.0,15918.3680807335
Z50,2022-06-14,11250.0,2,11250.0,15295.919003302368
Z50,2022-06-28,40000.0,3,16650.0,15476.463136195385
Z50,2022-07-19,18500.0,2,18500.0,15879.601384702668
Z50,2022-08-02,14750.0,2,14750.0,15728.987866742313
Z50,2022-08-09,16650.0,2,16650.0,15851.789484510005
Z50,2022-08-30,25000.0,1,25000.0,17071.55088657534
Z50,2022-09-06,16500.0,1,16500.0,16995.34410169863
Z50,2022-11-01,28000.0,1,28000.0,18462.631554805477
Z50,2022-11-08,11000.0,1,11000.0,17467.61401416475
Z50,2022-11-22,25000.0,1,25000.0,18471.932145609448
Z50,2022-11-29,17250.0,2,17250.0,18309.00785952819
Z50,2022-12-06,29999.0,1,29999.0,19867.673478257762
Z50,2022-12-13,23000.0,2,23000.0,20285.31701449006
Z50,2023-01-17,15000.0,1,15000.0,19580.60807922472
Z50,2023-01-24,27000.0,2,27000.0,20569.860335328092
Z50,2023-02-07,43000.0,1,43000.0,23560.545623951013
Z50,2023-05-02,34060.0,5,34060.0,24960.472874090876
Z50,2023-05-09,44000.0,1,20000.0,24299.07649087876
Z50,2023-05-30,12000.0,1,12000.0,22659.19962542826
Z50,2023-06-06,15000.0,1,15000.0,21637.97300870449
Z50,2023-06-27,19500.0,2,19500.0,21352.909940877227
Z50,2023-07-25,20000.0,1,20000.0,21172.521948760266
Z50,2023-08-15,23000.0,1,23000.0,21416.185688925565
Z50,2023-08-29,10000.0,1,10000.0,19894.027597068824
Z50,2023-09-19,19000.0,1,19000.0,19774.823917459646
Z50,2023-10-10,12625.0,4,12625.0,18821.51406179836
Z50,2023-10-24,10000.0,1,10000.0,17645.31218689191
Z50,2023-10-31,18000.0,4,18000.0,17692.603895306325
Z50,2023-11-21,15500.0,3,15500.0,17400.256709265483
Z50,2023-11-28,13000.0,1,13000.0,16813.555814696752
Z50,2023-12-26,16500.0,1,16500.0,16771.748372737187
Z50,2024-01-02,15800.0,1,15800.0,16642.181923038897
Z50,2024-01-16,25000.0,1,25000.0,17756.55766663371
Z50,2024-01-30,24000.0,1,24000.0,18589.016644415882
Z50,2024-02-13,23000.0,2,23000.0,19177.147758493764
Z50,2024-02-20,19500.0,2,19500.0,19220.19472402793
Z50,2024-04-16,40000.0,1,40000.0,21990.83542749087
Z50,2024-04-30,42000.0,1,42000.0,24658.724037158754
Z50,2024-05-07,20000.0,2,20000.0,24037.560832204257
Z50,2024-05-28,22500.0,2,22500.0,23832.55272124369
Z50,2024-06-18,40000.0,1,23000.0,23721.545691744534
Z50,2024-07-16,12000.0,1,12000.0,22158.672932845264
Z50,2024-07-30,24000.0,2,24000.0,22404.183208465896
Z50,2024-08-13,12000.0,3,12000.0,21016.958780670444
Z50,2024-08-20,12000.0,1,12000.0,19814.697609914387
Z50,2024-09-24,20000.0,1,20000.0,19839.404595259137
Z50,2024-10-15,32166.666666666668,6,32166.666666666668,21483.039538113473
Z50,2024-11-12,25000.0,1,14000.0,20485.300933031678
Z50,2025-01-07,12000.0,1,12000.0,19353.92747529412
Z50,2025-01-14,12000.0,1,12000.0,18373.403811921573
Z50,2025-01-28,28000.0,1,14000.0,17790.283303665365
Z50,2025-02-18,16500.0,1,16500.0,17618.245529843316
Z50,2025-02-25,14000.0,1,14000.0,17135.812792530876
Z50,2025-03-11,14000.0,1,14000.0,16717.704420193426
Z50,2025-03-25,13500.0,1,13500.0,16288.677164167637
Z50,2025-04-01,27250.0,2,13500.0,15916.853542278619
Z50,2025-04-08,40000.0,1,13500.0,15594.606403308137
Z50,2025-04-15,13500.0,1,13500.0,15315.325549533718
Z50,2025-04-22,13000.0,2,13000.0,15006.615476262557
Z50,2025-05-13,13750.0,2,13750.0,14839.066746094217
Z50,2025-05-27,13000.0,1,13000.0,14593.857846614988
Z50,2025-06-10,12500.0,1,12500.0,14314.676800399657
Z50,2025-06-17,12250.0,2,12250.0,14039.386560346371
Z50,2025-06-24,16000.0,2,16000.0,14300.801685633522
Z50,2025-07-01,19250.0,2,12500.0,14060.694794215719
Z50,2025-07-08,11500.0,1,11500.0,13719.268821653624
Z50,2025-07-22,10750.0,2,10750.0,13323.366312099808
Z50,2025-07-29,11000.0,1,11000.0,13013.584137153166
Z50,2025-08-19,10000.0,1,10000.0,12611.772918866078
Z50,2025-09-30,10000.0,1,10000.0,12263.536529683935
Z6,2019-03-19,60000.0,3,60000.0,60000.0
Z6,2019-04-02,55000.0,1,55000.0,59333.333333333336
Z6,2019-08-27,60000.0,1,60000.0,59422.222222222226
Z6,2019-09-17,50000.0,3,50000.0,58165.92592592593
Z6,2019-10-08,47000.0,1,47000.0,56677.135802469136
Z6,2019-10-22,54000.0,3,54000.0,56320.18436213992
Z6,2019-11-05,60500.0,2,60500.0,56877.493113854594
Z6,2019-11-12,54000.0,1,54000.0,56493.82736534065
Z6,2019-12-03,47500.0,4,47500.0,55294.65038329524
Z6,2019-12-10,51000.0,1,51000.0,54722.030332189206
Z6,2019-12-17,51000.0,1,51000.0,54225.759621230645
Z6,2020-01-07,55000.0,2,55000.0,54328.99167173323
Z6,2020-01-14,49000.0,1,49000.0,53618.45944883547
Z6,2020-01-21,49000.0,1,49000.0,53002.664855657415
Z6,2020-01-28,48500.0,1,48500.0,52402.30954156976
Z6,2020-02-04,45000.0,1,45000.0,51415.334936027124
Z6,2020-02-18,75499.5,2,48500.0,51026.623611223506
Z6,2020-03-17,40000.0,1,40000.0,49556.40712972704
Z6,2020-04-07,40750.0,4,40750.0,48382.21951243011
Z6,2020-04-21,43000.0,1,43000.0,47664.5902441061
Z6,2020-04-28,44000.0,2,44000.0,47175.97821155861
Z6,2020-05-05,38000.0,1,38000.0,45952.514450017465
Z6,2020-05-12,46666.666666666664,3,46666.666666666664,46047.73474557069
Z6,2020-05-19,48500.0,4,48500.0,46374.703446161264
Z6,2020-05-26,50000.0,3,50000.0,46858.076320006425
Z6,2020-06-02,50000.0,5,50000.0,47276.9994773389
Z6,2020-06-09,46666.666666666664,3,46666.666666666664,47195.621769249265
Z6,2020-06-16,49375.0,4,49375.0,47486.20553334937
Z6,2020-06-23,48000.0,2,48000.0,47554.71146223612
Z6,2020-06-30,36000.0,2,36000.0,46014.08326727131
Z6,2020-07-07,40000.0,1,40000.0,45212.2054983018
Z6,2020-07-28,37500.0,2,37500.0,44183.91143186156
Z6,2020-08-04,42750.0,2,42750.0,43992.72324094669
Z6,2020-08-11,37250.0,2,37250.0,43093.69347548713
Z6,2020-09-01,37000.0,1,37000.0,42281.20101208885
Z6,2020-09-08,37250.0,4,37250.0,41610.374210477006
Z6,2020-09-29,48000.0,1,48000.0,42462.32431574674
Z6,2020-10-13,46000.0,1,46000.0,42934.01440698051
Z6,2020-10-20,46000.0,1,46000.0,43342.81248604978
Z6,2020-10-27,39400.0,5,39400.0,42817.104154576475
Z6,2020-11-10,42000.0,2,42000.0,42708.15693396628
Z6,2020-11-17,32500.0,1,32500.0,41347.06934277078
Z6,2020-11-24,36000.0,1,36000.0,40634.126763734675
Z6,2020-12-01,31933.333333333332,3,31933.333333333332,39474.0209730145
Z6,2020-12-15,38590.90909090909,11,38590.90909090909,39356.272722067115
Z6,2020-12-22,43333.333333333336,3,43333.333333333336,39886.54747023595
Z6,2021-01-05,33000.0,4,33000.0,38968.341140871154
Z6,2021-01-12,35000.0,1,35000.0,38439.228988755
Z6,2021-01-19,35833.333333333336,3,35833.333333333336,38091.77623469878
Z6,2021-01-26,41000.0,4,41000.0,38479.53940340561
Z6,2021-02-02,36500.0,1,36500.0,38215.60081628486
Z6,2021-02-09,40000.0,1,40000.0,38453.52070744688
Z6,2021-02-16,38000.0,3,38000.0,38393.051279787294
Z6,2021-03-02,31560.0,5,31560.0,37481.977775815656
Z6,2021-03-09,30000.0,4,30000.0,36484.380739040236
Z6,2021-03-16,31333.333333333332,3,31333.333333333332,35797.57441827931
Z6,2021-03-30,32000.0,1,32000.0,35291.23116250874
Z6,2021-04-06,31500.0,1,31500.0,34785.73367417424
Z6,2021-04-13,31000.0,1,31000.0,34280.969184284346
Z6,2021-04-20,50000.0,2,32000.0,33976.8399597131
Z6,2021-05-04,32000.0,1,32000.0,33713.26129841802
Z6,2021-05-18,30000.0,1,31666.666666666668,33440.382014184506
Z6,2021-06-08,32500.0,2,32500.0,33314.99774562658
Z6,2021-06-22,32000.0,1,32000.0,33139.664712876365
Z6,2021-06-29,34000.0,2,31666.666666666668,32943.26497338174
Z6,2021-08-03,35000.0,1,31666.666666666668,32773.051865819725
Z6,2021-08-10,30333.333333333332,3,30333.333333333332,32447.75606148821
Z6,2021-08-17,31500.0,2,31500.0,32321.388586623118
Z6,2021-09-07,31666.666666666668,3,31666.666666666668,32234.092330628926
Z6,2021-09-14,30000.0,1,30000.0,31936.213353211737
Z6,2021-09-21,32000.0,1,32000.0,31944.718239450172
Z6,2021-09-28,30750.0,2,30750.0,31785.42247419015
Z6,2021-10-05,29000.0,2,29000.0,31414.032810964796
Z6,2021-10-12,28500.0,2,28500.0,31025.495102836157
Z6,2021-10-19,29000.0,1,29000.0,30755.42908912467
Z6,2021-10-26,29666.666666666668,3,29666.666666666668,30610.26076613027
Z6,2021-11-02,32000.0,1,32000.0,30795.559330646236
Z6,2021-11-09,36000.0,1,36000.0,31489.484753226738
Z6,2021-11-16,29500.0,2,29500.0,31224.22011946317
Z6,2021-11-23,126000.0,2,29666.666666666668,31016.54632575697
Z6,2021-11-30,31000.0,2,31000.0,31014.340148989377
Z6,2021-12-21,25000.0,1,25000.0,30212.428129124128
Z6,2022-01-04,31000.0,1,31000.0,30317.437711907576
Z6,2022-01-11,28000.0,1,28000.0,30008.446016986567
Z6,2022-01-18,32000.0,1,32000.0,30273.986548055025
Z6,2022-02-01,27500.0,2,27500.0,29904.121674981023
Z6,2022-02-08,29666.666666666668,3,29666.666666666668,29872.461007205777
Z6,2022-02-15,27500.0,2,27500.0,29556.132872911676
Z6,2022-03-01,25000.0,1,30000.0,29615.315156523455
Z6,2022-03-08,30000.0,1,30000.0,29666.606468986996
Z6,2022-03-15,30750.0,2,30750.0,29811.05893978873
Z6,2022-03-22,30000.0,1,30000.0,29836.251081150232
Z6,2022-04-05,30000.0,3,30000.0,29858.084270330204
Z6,2022-04-26,30000.0,2,30000.0,29877.00636761951
Z6,2022-05-03,30000.0,1,30000.0,29893.405518603577
Z6,2022-05-10,36750.0,12,36750.0,30807.6181161231
Z6,2022-05-24,33666.666666666664,3,30000.0,30699.93570064002
Z6,2022-05-31,36000.0,1,36000.0,31406.610940554685
Z6,2022-06-07,30000.0,1,30000.0,31219.062815147394
Z6,2022-06-14,32500.0,2,32500.0,31389.854439794406
Z6,2022-06-28,33500.0,2,30000.0,31204.540514488486
Z6,2022-07-12,30000.0,1,30000.0,31043.93511255669
Z6,2022-07-19,25000.0,1,30000.0,30904.7437642158
Z6,2022-08-02,29571.428571428572,7,29571.428571428572,30726.968405177504
Z6,2022-08-16,30000.0,1,30000.0,30630.03928448717
Z6,2022-08-23,30000.0,1,30000.0,30546.03404655555
Z6,2022-08-30,35000.0,3,35000.0,31139.896173681478
Z6,2022-09-13,36900.0,1,30000.0,30987.910017190614
Z6,2022-09-27,33500.0,2,33500.0,31322.855348231868
Z6,2022-10-11,30000.0,2,30000.0,31146.474635134287
Z6,2022-10-18,27000.0,1,27000.0,30593.611350449715
Z6,2022-11-08,31500.0,2,31500.0,30714.463170389754
Z6,2022-11-15,25000.0,2,25000.0,29952.53474767112
Z6,2022-11-22,28000.0,2,28000.0,29692.19678131497
Z6,2022-11-29,27000.0,2,27000.0,29333.237210472977
Z6,2022-12-06,25000.0,1,25000.0,28755.472249076578
Z6,2022-12-20,29363.636363636364,11,29363.636363636364,28836.56079768455
Z6,2023-01-10,28500.0,1,28500.0,28791.686024659943
Z6,2023-01-17,29666.666666666668,3,29666.666666666668,28908.35011026084
Z6,2023-01-24,30000.0,1,30000.0,29053.90342889273
Z6,2023-01-31,29333.333333333332,3,29333.333333333332,29091.16074948481
Z6,2023-02-07,31750.0,2,31750.0,29445.6726495535
Z6,2023-02-14,28500.0,1,28500.0,29319.58296294637
Z6,2023-02-21,29125.0,4,29125.0,29293.638567886854
Z6,2023-02-28,28000.0,3,28000.0,29121.15342550194
Z6,2023-03-07,27500.0,2,27500.0,28904.999635435015
Z6,2023-03-14,28500.0,6,28500.0,28850.99968404368
Z6,2023-03-21,27500.0,6,27500.0,28670.86639283786
Z6,2023-04-04,24000.0,1,28000.0,28581.41754045948
Z6,2023-04-11,25000.0,2,28000.0,28503.89520173155
Z6,2023-04-18,31500.0,2,28000.0,28436.70917483401
Z6,2023-05-02,28000.0,2,28000.0,28378.48128485614
Z6,2023-05-09,25500.0,2,28000.0,28328.017113541988
Z6,2023-05-16,28000.0,1,28000.0,28284.281498403056
Z6,2023-05-23,27000.0,3,27000.0,28113.04396528265
Z6,2023-05-30,28000.0,3,28000.0,28097.971436578297
Z6,2023-06-06,32000.0,1,28000.0,28084.908578367857
Z6,2023-06-27,28000.0,1,28000.0,28073.587434585475
Z6,2023-07-18,29000.0,1,29000.0,28197.10910997408
Z6,2023-07-25,27500.0,2,27500.0,28104.161228644207
Z6,2023-08-01,22000.0,2,28000.0,28090.273064824978
Z6,2023-08-08,25133.333333333332,6,25133.333333333332,27696.014433959426
Z6,2023-08-15,27000.0,1,27000.0,27603.212509431505
Z6,2023-08-22,27000.0,2,27000.0,27522.78417484064
Z6,2023-09-05,27000.0,1,27000.0,27453.07961819522
Z6,2023-09-12,32250.0,4,32250.0,28092.669002435858
Z6,2023-09-19,29785.714285714286,7,29785.714285714286,28318.40837353965
Z6,2023-09-26,30500.0,6,30500.0,28609.2872570677
Z6,2023-10-03,29000.0,6,29000.0,28661.382289458674
Z6,2023-10-10,28750.0,8,28750.0,28673.197984197515
Z6,2023-10-17,19830.0,3,19830.0,27494.104919637848
Z6,2023-10-24,24000.0,2,24000.0,27028.224263686137
Z6,2023-10-31,24000.0,2,24000.0,26624.461028527985
Z6,2023-11-07,25500.0,2,25500.0,26474.53289139092
Z6,2023-11-14,25833.333333333332,6,25833.333333333332,26389.039616983246
Z6,2023-11-28,27125.0,4,27125.0,26487.16766805215
Z6,2023-12-05,24000.0,1,24000.0,26155.545312311864
Z6,2023-12-19,26500.0,1,26500.0,26201.472604003615
Z6,2023-12-26,27166.666666666668,3,27166.666666666668,26330.165145692023
Z6,2024-01-02,29500.0,4,29500.0,26752.809792933087
Z6,2024-01-09,33000.0,1,26333.333333333332,26696.879598319785
Z6,2024-01-16,30500.0,2,30500.0,27203.962318543814
Z6,2024-01-23,27333.333333333332,3,27333.333333333332,27221.21178718242
Z6,2024-01-30,25250.0,2,25250.0,26958.383548891434
Z6,2024-02-06,25250.0,2,25250.0,26730.59907570591
Z6,2024-02-13,25000.0,2,25000.0,26499.852532278455
Z6,2024-02-27,24500.0,2,24500.0,26233.205527974664
Z6,2024-03-05,26333.333333333332,3,26333.333333333332,26246.555902022486
Z6,2024-03-12,27000.0,1,27000.0,26347.015115086157
Z6,2024-03-19,24500.0,6,24500.0,26100.74643307467
Z6,2024-03-26,24000.0,2,24000.0,25820.646908664716
Z6,2024-04-02,26000.0,1,26000.0,25844.56065417609
Z6,2024-04-09,16000.0,1,24500.0,25665.285900285948
Z6,2024-04-16,26000.0,1,26000.0,25709.91444691449
Z6,2024-04-30,25200.0,2,25200.0,25641.925853992558
Z6,2024-05-07,23000.0,1,23000.0,25289.66907346022
Z6,2024-05-14,21000.0,1,21000.0,24717.71319699886
Z6,2024-05-21,23500.0,2,23500.0,24555.35143739901
Z6,2024-05-28,21000.0,1,21000.0,24081.304579079144
Z6,2024-06-04,23500.0,3,23500.0,24003.79730186859
Z6,2024-06-11,24000.0,2,24000.0,24003.29099495278
Z6,2024-06-18,21750.0,2,21750.0,23702.852195625743
Z6,2024-06-25,20166.666666666668,6,20166.666666666668,23231.360791764535
Z6,2024-07-16,24000.0,3,24000.0,23333.846019529265
Z6,2024-07-23,25000.0,2,25000.0,23555.99988359203
Z6,2024-07-30,22000.0,1,22000.0,23348.533232446425
Z6,2024-08-13,23000.0,1,23000.0,23302.062134786906
Z6,2024-09-17,22000.0,1,22000.0,23128.45385014865
Z6,2024-09-24,18000.0,1,22833.333333333332,23089.104447906608
Z6,2024-10-01,22000.0,1,22000.0,22943.89052151906
Z6,2024-10-22,23500.0,2,23500.0,23018.038451983186
Z6,2024-11-12,23000.0,2,23000.0,23015.633325052095
Z6,2024-11-19,22833.333333333332,3,22833.333333333332,22991.326659489594
Z6,2024-11-26,23000.0,4,23000.0,22992.483104890984
Z6,2024-12-03,22000.0,1,22000.0,22860.15202423885
Z6,2024-12-17,25500.0,1,25500.0,23212.13175434034
Z6,2024-12-24,19750.0,2,19750.0,22750.51418709496
Z6,2024-12-31,22000.0,3,22000.0,22650.445628815633
Z6,2025-01-07,25500.0,1,25500.0,23030.386211640216
Z6,2025-01-14,19666.666666666668,3,19666.666666666668,22581.89027231041
Z6,2025-01-28,23000.0,1,23000.0,22637.63823600236
Z6,2025-02-11,20000.0,1,20000.0,22285.953137868713
Z6,2025-02-18,18888.0,1,18888.0,21832.89271948622
Z6,2025-02-25,22000.0,1,22000.0,21855.17369022139
Z6,2025-03-25,21000.0,2,21000.0,21741.150531525203
Z6,2025-04-01,21000.0,2,21000.0,21642.330460655176
Z6,2025-04-08,24000.0,2,24000.0,21956.686399234488
Z6,2025-04-22,22000.0,1,22000.0,21962.461546003222
Z6,2025-05-20,22000.0,1,22000.0,21967.46667320279
Z6,2025-06-03,72166.0,3,22000.0,21971.804450109084
Z6,2025-06-10,99999.0,1,22000.0,21975.563856761208
Z6,2025-06-17,22500.0,1,22500.0,22045.488675859713
Z6,2025-06-24,30000.0,1,22000.0,22039.423519078417
Z6,2025-07-15,19500.0,1,19500.0,21700.833716534627
Z6,2025-07-29,21000.0,1,21000.0,21607.389220996676
Z6,2025-08-26,64000.0,1,22000.0,21659.737324863785
Z6,2025-09-02,21000.0,1,21000.0,21571.77234821528
Z6,2025-09-09,20000.0,1,20000.0,21362.202701786577
Z6,2025-09-16,19000.0,1,19000.0,21047.242341548364
Z6,2025-09-23,20500.0,2,20500.0,20974.276696008583
Z6,2025-10-07,26000.0,1,20500.0,20911.039803207437
Z6,2025-10-28,25000.0,1,20500.0,20856.234496113113
Z6,2025-11-04,20666.666666666668,3,20666.666666666668,20830.95878552025
Z6,2025-11-18,20000.0,1,20000.0,20720.16428078422
Z6,2025-12-30,18000.0,1,18000.0,20357.475710012994
Z6,2026-01-06,20000.0,1,20000.0,20309.812282011262
Z6II,2020-11-10,58370.0,4,58370.0,58370.0
Z6II,2020-12-01,57660.0,3,57660.0,58275.333333333336
Z6II,2020-12-08,56860.0,3,56860.0,58086.62222222223
Z6II,2020-12-15,57666.666666666664,3,57666.666666666664,58030.62814814816
Z6II,2020-12-22,56125.0,4,56125.0,57776.54439506174
Z6II,2020-12-29,56500.0,1,56500.0,57606.33847572018
Z6II,2021-01-05,55500.0,2,55500.0,57325.493345624156
Z6II,2021-01-12,56500.0,1,56500.0,57215.4275662076
Z6II,2021-01-19,50000.0,1,56125.0,57070.037224046595
Z6II,2021-02-02,58000.0,1,58000.0,57194.03226084039
Z6II,2021-02-16,56800.0,1,56800.0,57141.49462606167
Z6II,2021-02-23,55900.0,2,55900.0,56975.96200925345
Z6II,2021-03-02,55925.0,8,55925.0,56835.833741352995
Z6II,2021-03-23,55000.0,1,55000.0,56591.0559091726
Z6II,2021-03-30,55000.0,1,55000.0,56378.915121282924
Z6II,2021-06-22,50000.0,1,50000.0,55528.39310511186
Z6II,2021-06-29,45000.0,1,45000.0,54124.60735776362
Z6II,2021-07-27,49000.0,2,49000.0,53441.32637672847
Z6II,2021-08-31,55000.0,2,55000.0,53649.14952649801
Z6II,2021-09-07,50000.0,1,50000.0,53162.596256298275
Z6II,2021-09-28,52500.0,2,52500.0,53074.25008879184
Z6II,2021-11-09,32000.0,1,32000.0,50264.35007695293
Z6II,2021-11-30,44000.0,1,44000.0,49429.103400025866
Z6II,2021-12-07,54275.0,4,54275.0,50075.222946689086
Z6II,2021-12-14,58000.0,1,58000.0,51131.859887130544
Z6II,2021-12-21,51500.0,2,51500.0,51180.945235513136
Z6II,2021-12-28,46000.0,1,46000.0,50490.15253744472
Z6II,2022-01-04,99999.0,2,48000.0,50158.13219911876
Z6II,2022-01-18,50000.0,3,50000.0,50137.047905902924
Z6II,2022-03-08,49000.0,1,49000.0,49985.4415184492
Z6II,2022-03-22,48000.0,1,48000.0,49720.71598265598
Z6II,2022-03-29,47000.0,2,47000.0,49357.95385163518
Z6II,2022-04-05,48000.0,2,48000.0,49176.89333808383
Z6II,2022-04-19,44000.0,1,44000.0,48486.640893005984
Z6II,2022-04-26,48000.0,1,48000.0,48421.755440605186
Z6II,2022-05-03,48000.0,1,48000.0,48365.52138185783
Z6II,2022-05-24,53000.0,1,53000.0,48983.45186427678
Z6II,2022-05-31,57700.0,1,57700.0,50145.65828237321
Z6II,2022-06-14,50000.0,1,50000.0,50126.23717805678
Z6II,2022-06-21,49500.0,1,49500.0,50042.73888764921
Z6II,2022-06-28,49500.0,1,49500.0,49970.37370262932
Z6II,2022-07-05,78999.5,2,50000.0,49974.32387561207
Z6II,2022-07-19,58800.0,1,58800.0,51151.08069219713
Z6II,2022-08-09,60666.333333333336,3,60666.333333333336,52419.78104434863
Z6II,2022-08-30,89000.0,1,50000.0,52097.143571768815
Z6II,2022-09-13,45000.0,2,45000.0,51150.85776219964
Z6II,2022-09-27,40000.0,4,40000.0,49664.07672723969
Z6II,2022-10-04,50000.0,1,50000.0,49708.86649694107
Z6II,2022-10-11,40000.0,1,40000.0,48414.3509640156
Z6II,2022-10-18,89000.0,1,45000.0,47959.104168813516
Z6II,2022-11-01,47750.0,2,47750.0,47931.22361297171
Z6II,2022-11-08,35800.0,5,35800.0,46313.72713124216
Z6II,2022-11-15,36000.0,3,36000.0,44938.563513743204
Z6II,2022-11-22,42200.0,5,42200.0,44573.42171191078
Z6II,2022-11-29,39000.0,2,39000.0,43830.29881698934
Z6II,2022-12-06,45000.0,2,45000.0,43986.2589747241
Z6II,2022-12-27,40000.0,2,40000.0,43454.75777809422
Z6II,2023-01-03,40000.0,1,40000.0,42994.12340768166
Z6II,2023-01-10,49000.0,2,49000.0,43794.90695332411
Z6II,2023-01-17,49000.0,1,49000.0,44488.919359547566
Z6II,2023-02-07,49000.0,4,49000.0,45090.39677827456
Z6II,2023-02-14,48750.0,4,48750.0,45578.34387450462
Z6II,2023-02-21,47000.0,3,47000.0,45767.89802457067
Z6II,2023-02-28,34681.818181818184,11,34681.818181818184,44289.754045537
Z6II,2023-03-07,46200.0,3,46200.0,44544.45350613207
Z6II,2023-03-14,50000.0,3,50000.0,45271.85970531446
Z6II,2023-03-21,52000.0,1,52000.0,46168.94507793921
Z6II,2023-03-28,43000.0,1,43000.0,45746.419067547315
Z6II,2023-04-04,48000.0,1,48000.0,46046.896525207674
Z6II,2023-04-11,43000.0,1,43000.0,45640.643655179985
Z6II,2023-04-18,44000.0,1,44000.0,45421.89116782265
Z6II,2023-04-25,41500.0,2,41500.0,44898.9723454463
Z6II,2023-05-02,43800.0,1,43800.0,44752.4426993868
Z6II,2023-05-16,35000.0,1,35000.0,43452.117006135224
Z6II,2023-05-23,40400.0,5,40400.0,43045.16807198386
Z6II,2023-05-30,39000.0,6,39000.0,42505.812329052686
Z6II,2023-06-06,38625.0,8,38625.0,41988.370685179
Z6II,2023-06-13,46800.0,1,46800.0,42629.92126048847
Z6II,2023-06-27,35000.0,1,35000.0,41612.59842575667
Z6II,2023-07-04,35000.0,1,35000.0,40730.91863565578
Z6II,2023-07-11,33749.75,4,33749.75,39800.09615090168
Z6II,2023-07-18,34166.5,2,34166.5,39048.94999744812
Z6II,2023-07-25,34944.333333333336,3,34944.333333333336,38501.66777556615
Z6II,2023-08-01,32000.0,1,32000.0,37634.778738823996
Z6II,2023-08-08,34000.0,1,34000.0,37150.14157364747
Z6II,2023-08-22,38800.0,1,38800.0,37370.12269716114
Z6II,2023-08-29,42500.0,2,42500.0,38054.106337539655
Z6II,2023-09-05,47000.0,1,47000.0,39246.89215920103
Z6II,2023-09-19,40000.0,1,40000.0,39347.30653797423
Z6II,2023-09-26,40666.666666666664,3,40666.666666666664,39523.22122179989
Z6II,2023-10-03,40500.0,3,40500.0,39653.458392226574
Z6II,2023-10-10,39666.666666666664,3,39666.666666666664,39655.21949548525
Z6II,2023-10-17,38500.0,3,38500.0,39501.19022942056
Z6II,2023-10-24,37000.0,3,37000.0,39167.69819883115
Z6II,2023-10-31,36666.666666666664,3,36666.666666666664,38834.22732787589
Z6II,2023-11-07,38000.0,3,38000.0,38722.99701749243
Z6II,2023-11-14,22000.0,1,38000.0,38626.597415160104
Z6II,2023-11-21,36000.0,2,36000.0,38276.38442647209
Z6II,2023-12-05,37500.0,2,37500.0,38172.86650294248
Z6II,2023-12-19,35000.0,1,35000.0,37749.81763588348
Z6II,2023-12-26,40000.0,1,40000.0,38049.84195109902
Z6II,2024-01-02,39200.0,5,39200.0,38203.19635761915
Z6II,2024-01-09,38500.0,2,38500.0,38242.77017660326
Z6II,2024-01-16,36666.666666666664,3,36666.666666666664,38032.62304194505
Z6II,2024-01-23,36600.0,5,36600.0,37841.60663635238
Z6II,2024-01-30,36250.0,2,36250.0,37629.392418172065
Z6II,2024-02-13,38833.333333333336,3,38833.333333333336,37789.9178735269
Z6II,2024-02-20,38600.0,5,38600.0,37897.92882372331
Z6II,2024-02-27,35000.0,1,38500.0,37978.20498056021
Z6II,2024-03-05,40000.0,3,40000.0,38247.77764981885
Z6II,2024-03-12,38999.75,4,38999.75,38348.040629843
Z6II,2024-03-19,38333.333333333336,3,38333.333333333336,38346.079656975046
Z6II,2024-03-26,38500.0,4,38500.0,38366.60236937838
Z6II,2024-04-02,39000.0,2,39000.0,38451.05538679459
Z6II,2024-04-09,35000.0,1,38333.333333333336,38435.35911299976
Z6II,2024-04-16,35666.666666666664,3,35666.666666666664,38066.20012015534
Z6II,2024-04-23,36500.0,2,36500.0,37857.37343746796
Z6II,2024-04-30,35000.0,1,35000.0,37476.390312472235
Z6II,2024-05-21,38000.0,5,38000.0,37546.20493747594
Z6II,2024-05-28,37666.666666666664,6,37666.666666666664,37562.26650136803
Z6II,2024-06-04,35000.0,2,35000.0,37220.630967852296
Z6II,2024-06-11,38500.0,2,38500.0,37391.21350547199
Z6II,2024-06-18,37000.0,4,37000.0,37339.05170474239
Z6II,2024-06-25,32000.0,2,32000.0,36627.178144110076
Z6II,2024-07-02,35755.555555555555,9,35755.555555555555,36510.961798969474
Z6II,2024-07-09,36000.0,3,36000.0,36442.833559106875
Z6II,2024-07-23,33000.0,4,33000.0,35983.78908455929
Z6II,2024-07-30,34000.0,1,34000.0,35719.28387328472
Z6II,2024-08-20,38200.0,5,38200.0,36050.04602351343
Z6II,2024-09-10,34500.0,2,34500.0,35843.37322037831
Z6II,2024-09-24,38333.333333333336,3,38333.333333333336,36175.367902105645
Z6II,2024-10-01,34166.666666666664,3,34166.666666666664,35907.54107071378
Z6II,2024-10-08,40000.0,1,35312.5,35828.202261285274
Z6II,2024-10-15,35900.0,2,35900.0,35837.775293113904
Z6II,2024-10-22,35333.333333333336,3,35333.333333333336,35770.516365143165
Z6II,2024-10-29,35000.0,1,35000.0,35667.780849790746
Z6II,2024-11-05,35000.0,5,35000.0,35578.74340315198
Z6II,2024-11-12,34333.333333333336,9,34333.333333333336,35412.688727176166
Z6II,2024-11-19,35312.5,8,35312.5,35399.33023021935
Z6II,2024-11-26,36500.0,4,36500.0,35546.08619952344
Z6II,2024-12-03,37000.0,1,37000.0,35739.941372920315
Z6II,2024-12-17,33000.0,2,33000.0,35374.615856530945
Z6II,2024-12-24,30000.0,1,30000.0,34658.00040899349
Z6II,2024-12-31,33800.0,5,33800.0,34543.60035446102
Z6II,2025-01-07,30000.0,1,30000.0,33937.78697386622
Z6II,2025-01-21,33000.0,4,33000.0,33812.748710684056
Z6II,2025-01-28,34000.0,1,34000.0,33837.71554925952
Z6II,2025-02-04,34500.0,4,34500.0,33926.02014269159
Z6II,2025-02-11,36300.0,5,36300.0,34242.55079033271
Z6II,2025-02-18,36000.0,1,36000.0,34476.87735162168
Z6II,2025-02-25,36000.0,1,36000.0,34679.960371405454
Z6II,2025-03-04,33750.0,4,33750.0,34555.96565521806
Z6II,2025-03-11,33000.0,3,33000.0,34348.50356785565
Z6II,2025-03-18,32200.0,5,32200.0,34062.0364254749
Z6II,2025-03-25,34500.0,2,34500.0,34120.43156874491
Z6II,2025-04-01,33333.333333333336,3,33333.333333333336,34015.4851373567
Z6II,2025-04-08,33625.0,4,33625.0,33963.42045237581
Z6II,2025-04-15,35000.0,3,35000.0,34101.6310587257
Z6II,2025-04-22,34500.0,2,34500.0,34154.746917562275
Z6II,2025-04-29,35000.0,1,35000.0,34267.44732855397
Z6II,2025-05-06,35000.0,2,35000.0,34365.121018080106
Z6II,2025-05-13,35750.0,2,35750.0,34549.77154900276
Z6II,2025-05-20,35500.0,2,35500.0,34676.468675802396
Z6II,2025-06-03,33500.0,2,33500.0,34519.60618569541
Z6II,2025-06-10,33000.0,2,33000.0,34316.99202760269
Z6II,2025-06-17,31300.0,3,31300.0,33914.72642392233
Z6II,2025-06-24,33500.0,2,33500.0,33859.429567399355
Z6II,2025-07-08,34000.0,1,34000.0,33878.17229174611
Z6II,2025-07-15,37000.0,1,37000.0,34294.41598617996
Z6II,2025-08-12,32000.0,2,32000.0,33988.4938546893
Z6II,2025-08-19,31900.0,2,31900.0,33710.0280073974
Z6II,2025-08-26,29266.666666666668,3,29266.666666666668,33117.5798286333
Z6II,2025-09-02,32500.0,1,32500.0,33035.2358514822
Z6II,2025-09-09,28000.0,1,28000.0,32363.87107128457
Z6II,2025-10-14,33000.0,1,33000.0,32448.688261779964
Z6II,2025-10-21,32000.0,3,32000.0,32388.863160209305
Z6II,2025-10-28,30000.0,2,30000.0,32070.348072181398
Z6II,2025-11-04,30000.0,1,30000.0,31794.301662557213
Z6II,2025-11-11,27500.0,2,27500.0,31221.728107549585
Z6II,2025-11-25,29500.0,1,29500.0,30992.164359876308
Z6II,2025-12-02,27000.0,1,30000.0,30859.875778559468
Z6II,2025-12-16,30000.0,2,30000.0,30745.22567475154
Z6II,2025-12-23,29500.0,2,29500.0,30579.195584784666
Z6II,2026-01-06,30000.0,1,30000.0,30501.969506813377
Z6III,2024-09-10,75000.0,1,67500.0,67500.0
Z6III,2024-11-05,68250.0,4,68250.0,67600.0
Z6III,2024-11-12,68166.66666666667,3,68166.66666666667,67675.55555555556
Z6III,2024-11-19,66500.0,2,66500.0,67518.81481481482
Z6III,2024-11-26,68000.0,1,68000.0,67582.97283950618
Z6III,2024-12-03,67000.0,2,67000.0,67505.24312757203
Z6III,2024-12-17,66500.0,1,66500.0,67371.21071056243
Z6III,2024-12-24,64000.0,3,64000.0,66921.71594915411
Z6III,2025-01-07,58000.0,1,58000.0,65732.15382260023
Z6III,2025-01-14,58000.0,2,58000.0,64701.19997958687
Z6III,2025-02-04,69000.0,1,69000.0,65274.373315641955
Z6III,2025-02-11,69000.0,1,69000.0,65771.12354022302
Z6III,2025-02-18,69000.0,1,69000.0,66201.64040152662
Z6III,2025-03-25,65000.0,1,65000.0,66041.42168132307
Z6III,2025-05-27,52000.0,2,52000.0,64169.23212381334
Z6III,2025-07-01,58500.0,2,58500.0,63413.33450730489
Z6III,2025-07-15,52000.0,1,52000.0,61891.55657299758
Z6III,2025-08-05,99999.0,1,58500.0,61439.34902993124
Z6III,2025-08-12,12250.0,2,58500.0,61047.43582594041
Z6III,2025-08-19,30000.0,3,58500.0,60707.77771581503
Z6III,2025-08-26,47500.0,4,47500.0,58946.740687039695
Z6III,2025-09-02,61000.0,2,61000.0,59220.50859543441
Z6III,2025-09-09,53500.0,2,53500.0,58457.77411604316
Z6III,2025-09-16,64500.0,1,64500.0,59263.404233904075
Z6III,2025-09-23,54750.0,2,54750.0,58661.61700271687
Z6III,2025-09-30,60500.0,2,60500.0,58906.734735687955
Z6III,2025-10-14,57000.0,1,57000.0,58652.50343759623
Z6III,2025-10-21,56500.0,2,56500.0,58365.50297925007
Z6III,2025-10-28,55666.666666666664,6,55666.666666666664,58005.65813757228
Z6III,2025-11-04,52500.0,1,52500.0,57271.57038589598
Z6III,2025-11-11,51333.333333333336,3,51333.333333333336,56479.805445554295
Z6III,2025-11-18,54000.0,4,54000.0,56149.16471948039
Z6III,2025-11-25,55000.0,1,55000.0,55995.94275688301
Z6III,2025-12-02,53600.0,3,53600.0,55676.483722631936
Z6III,2025-12-16,50000.0,1,50000.0,54919.61922628101
Z6III,2025-12-23,50433.333333333336,3,50433.333333333336,54321.44777388799
Z6III,2025-12-30,50000.0,1,50000.0,53745.254737369585
Z7,2018-09-25,102800.0,1,102800.0,102800.0
Z7,2018-12-25,99000.0,1,99000.0,102293.33333333334
Z7,2019-07-30,90000.0,1,90000.0,100654.22222222223
Z7,2020-02-18,68000.0,1,68000.0,96300.32592592595
Z7,2020-02-25,67000.0,2,67000.0,92393.61580246915
Z7,2020-07-14,40000.0,1,40000.0,85407.80036213993
Z7,2020-07-21,55000.0,1,55000.0,81353.42698052127
Z7,2020-08-18,68000.0,1,68000.0,79572.9700497851
Z7,2020-09-08,59500.0,1,59500.0,76896.57404314709
Z7,2020-10-13,65000.0,1,65000.0,75310.36417072748
Z7,2020-11-03,63000.0,1,63000.0,73668.98228129715
Z7,2020-11-17,58500.0,1,58500.0,71646.45131045755
Z7,2020-12-01,58000.0,1,58000.0,69826.9244690632
Z7,2020-12-08,50000.0,1,50000.0,67183.33453985478
Z7,2020-12-15,52750.0,4,52750.0,65258.88993454081
Z7,2020-12-22,48000.0,1,48000.0,62957.704609935376
Z7,2020-12-29,50000.0,1,50000.0,61230.01066194399
Z7,2021-02-02,47500.0,2,47500.0,59399.34257368479
Z7,2021-02-23,40000.0,1,50000.0,58146.096897193485
Z7,2021-03-02,43666.666666666664,3,43666.666666666664,56215.50619978991
Z7,2021-03-09,49000.0,1,49000.0,55253.438706484594
Z7,2021-03-23,52000.0,1,52000.0,54819.64687895332
Z7,2021-03-30,52000.0,1,52000.0,54443.69396175955
Z7,2021-04-06,49750.0,4,49750.0,53817.86810019161
Z7,2021-04-13,52000.0,1,52000.0,53575.48568683273
Z7,2021-04-20,50000.0,2,50000.0,53098.7542619217
Z7,2021-04-27,47000.0,4,47000.0,52285.5870269988
Z7,2021-05-04,50000.0,1,50000.0,51980.84209006563
Z7,2021-05-11,50000.0,1,50000.0,51716.72981139021
Z7,2021-06-08,49500.0,2,49500.0,51421.16583653818
Z7,2021-06-15,52000.0,1,52000.0,51498.34372499976
Z7,2021-06-22,46900.0,2,50000.0,51298.564561666455
Z7,2021-07-06,40000.0,2,40000.0,49792.0892867776
Z7,2021-07-20,52000.0,1,52000.0,50086.47738187392
Z7,2021-07-27,47500.0,2,47500.0,49741.613730957404
Z7,2021-08-10,50000.0,1,50000.0,49776.06523349642
Z7,2021-08-17,50000.0,1,50000.0,49805.92320236356
Z7,2021-08-24,50000.0,1,50000.0,49831.800108715084
Z7,2021-09-07,50000.0,2,50000.0,49854.226760886406
Z7,2021-09-28,40000.0,1,40000.0,48540.32985943489
Z7,2021-10-05,50000.0,2,50000.0,48734.95254484357
Z7,2021-10-12,50000.0,1,50000.0,48903.62553886442
Z7,2021-10-19,50000.0,1,50000.0,49049.808800349165
Z7,2021-11-02,47500.0,2,47500.0,48843.16762696928
Z7,2021-11-09,45000.0,2,45000.0,48330.745276706715
Z7,2021-11-16,50000.0,1,50000.0,48553.31257314582
Z7,2021-11-30,51333.333333333336,3,51333.333333333336,48923.98200783749
Z7,2021-12-07,40000.0,1,40000.0,47734.11774012583
Z7,2022-01-04,43000.0,1,43000.0,47102.902041442394
Z7,2022-01-11,43000.0,4,43000.0,46555.84843591675
Z7,2022-01-18,41000.0,3,41000.0,45815.06864446118
Z7,2022-02-15,70999.5,2,41000.0,45173.059491866356
Z7,2022-03-22,40000.0,1,40000.0,44483.31822628418
Z7,2022-03-29,39500.0,1,39500.0,43818.87579611295
Z7,2022-04-05,39750.0,2,39750.0,43276.3590232979
Z7,2022-04-19,40000.0,1,40000.0,42839.51115352485
Z7,2022-04-26,41000.0,2,41000.0,42594.24299972154
Z7,2022-05-10,40000.0,1,40000.0,42248.343933092
Z7,2022-05-24,40000.0,2,40000.0,41948.56474201307
Z7,2022-05-31,43000.0,1,43000.0,42088.75610974467
Z7,2022-06-21,42000.0,2,42000.0,42076.92196177871
Z7,2022-06-28,42000.0,2,42000.0,42066.665700208214
Z7,2022-07-19,42000.0,1,42000.0,42057.776940180454
Z7,2022-08-02,43300.0,5,43300.0,42223.40668148973
Z7,2022-08-09,40000.0,1,40000.0,41926.9524572911
Z7,2022-09-06,103703.0,3,42000.0,41936.69212965229
Z7,2022-09-13,43000.0,2,43000.0,42078.466512365325
Z7,2022-10-11,99999.0,1,42000.0,42068.00431071661
Z7,2022-10-25,40000.0,1,40000.0,41792.27040262107
Z7,2022-11-08,42000.0,1,42000.0,41819.9676822716
Z7,2022-11-15,46000.0,1,46000.0,42377.30532463539
Z7,2022-12-06,42000.0,1,42000.0,42326.997948017335
Z7,2022-12-13,41500.0,2,41500.0,42216.73155494836
Z7,2023-01-10,44500.0,2,44500.0,42521.167347621915
Z7,2023-01-17,43000.0,1,43000.0,42585.01170127233
Z7,2023-01-24,79999.33333333333,3,40000.0,42240.34347443602
Z7,2023-01-31,38000.0,1,38000.0,41674.964344511216
Z7,2023-02-21,38000.0,1,38000.0,41184.96909857639
Z7,2023-02-28,38000.0,1,38000.0,40760.30655209954
Z7,2023-03-14,32000.0,1,32000.0,39592.26567848626
Z7,2023-04-11,40000.0,1,40000.0,39646.6302546881
Z7,2023-04-25,40000.0,1,40000.0,39693.746220729685
Z7,2023-05-09,40000.0,1,40000.0,39734.58005796573
Z7,2023-05-30,43500.0,2,43500.0,40236.636050236964
Z7,2023-06-06,41000.0,2,41000.0,40338.41791020537
Z7,2023-06-27,45000.0,2,45000.0,40959.962188844656
Z7,2023-07-18,45000.0,1,45000.0,41498.633896998705
Z7,2023-07-25,40000.0,1,40000.0,41298.81604406555
Z7,2023-08-08,42000.0,1,42000.0,41392.307238190144
Z7,2023-08-15,40000.0,2,40000.0,41206.666273098126
Z7,2023-09-05,41500.0,2,41500.0,41245.77743668505
Z7,2023-09-19,40000.0,1,40000.0,41079.67377846038
Z7,2023-09-26,38000.0,1,38000.0,40669.050607999
Z7,2023-10-03,34000.0,4,34000.0,39779.843860265806
Z7,2023-10-10,31500.0,2,31500.0,38675.864678897036
Z7,2023-10-24,40000.0,1,40000.0,38852.4160550441
Z7,2023-11-07,33333.0,1,33333.0,38116.49391437156
Z7,2023-11-14,33333.0,1,33333.0,37478.694725788686
Z7,2024-01-02,37000.0,2,37000.0,37414.8687623502
Z7,2024-01-23,33166.5,2,33166.5,36848.41959403684
Z7,2024-01-30,44000.0,1,44000.0,37801.963648165256
Z7,2024-02-06,33333.0,1,33333.0,37206.10182840989
Z7,2024-02-13,39000.0,1,39000.0,37445.28825128857
Z7,2024-02-20,39000.0,2,39000.0,37652.58315111676
Z7,2024-03-05,38000.0,1,38000.0,37698.90539763453
Z7,2024-03-12,33000.0,1,38000.0,37739.05134461659
Z7,2024-03-19,66499.5,2,38000.0,37773.84449866771
Z7,2024-03-26,38000.0,1,38000.0,37803.99856551202
Z7,2024-04-09,36500.0,2,36500.0,37630.13209011042
Z7,2024-04-23,38000.0,2,38000.0,37679.44781142903
Z7,2024-05-07,37000.0,1,37000.0,37588.85476990516
Z7,2024-05-14,39000.0,1,39000.0,37777.00746725114
Z7,2024-05-21,40000.0,2,40000.0,38073.40647161766
Z7,2024-05-28,39250.0,2,39250.0,38230.28560873531
Z7,2024-06-04,39500.0,1,39500.0,38399.58086090393
Z7,2024-06-18,29500.0,1,38500.0,38412.970079450075
Z7,2024-06-25,26500.0,1,38500.0,38424.57406885674
Z7,2024-07-09,99999.0,2,38500.0,38434.630859675846
Z7,2024-09-03,39500.0,1,39500.0,38576.68007838573
Z7,2024-10-15,38500.0,1,38500.0,38566.456067934305
Z7,2024-10-22,38500.0,1,38500.0,38557.5952588764
Z7,2024-11-05,35000.0,1,35000.0,38083.24922435954
Z7,2024-12-03,39000.0,1,39000.0,38205.4826611116
Z7,2024-12-24,36000.0,1,36000.0,37911.41830629672
Z7,2024-12-31,38000.0,2,38000.0,37923.22919879049
Z7,2025-01-28,40000.0,1,40000.0,38200.1319722851
Z7,2025-02-04,40000.0,1,40000.0,38440.11437598042
Z7,2025-02-25,35000.0,2,35000.0,37981.43245918303
Z7,2025-03-25,99999.0,1,36500.0,37783.90813129196
Z7,2025-04-22,99999.0,1,36500.0,37612.72038045303
Z7,2025-04-29,99999.0,1,36000.0,37397.69099639263
Z7,2025-05-06,36500.0,1,36500.0,37277.99886354028
Z7,2025-05-13,35800.0,1,35800.0,37080.93234840158
Z7,2025-07-01,33000.0,1,33000.0,36536.80803528137
Z7,2025-07-22,34000.0,1,34000.0,36198.566963910525
Z7,2025-07-29,34000.0,2,34000.0,35905.42470205579
Z7,2025-08-05,33000.0,2,33000.0,35518.03474178168
Z7,2025-09-02,30000.0,1,30000.0,34782.29677621079
Z7,2025-11-11,32000.0,1,32000.0,34411.32387271601
Z7,2025-12-16,30000.0,1,30000.0,33823.147356353875
Z7,2025-12-23,30000.0,1,30000.0,33313.394375506694
Z7,2026-01-06,30000.0,1,30000.0,32871.60845877247
Z7II,2020-12-01,85986.66666666667,3,85986.66666666667,85986.66666666667
Z7II,2020-12-08,85980.0,1,85980.0,85985.77777777778
Z7II,2021-01-05,85290.0,3,85290.0,85893.00740740741
Z7II,2021-01-12,84990.0,4,84990.0,85772.6064197531
Z7II,2021-01-19,84990.0,4,84990.0,85668.25889711935
Z7II,2021-01-26,84500.0,1,84500.0,85512.4910441701
Z7II,2021-02-02,85330.0,3,85330.0,85488.15890494743
Z7II,2021-02-16,85500.0,3,85500.0,85489.7377176211
Z7II,2021-02-23,85500.0,1,85500.0,85491.10602193829
Z7II,2021-03-02,85200.0,5,85200.0,85452.29188567985
Z7II,2021-05-11,89980.0,1,89980.0,86055.98630092254
Z7II,2021-06-15,89000.0,1,89000.0,86448.52146079954
Z7II,2021-10-05,72500.0,2,72500.0,84588.7185993596
Z7II,2021-10-12,65000.0,1,65000.0,81976.88945277833
Z7II,2021-10-26,65000.0,1,65000.0,79713.30419240789
Z7II,2021-11-02,62000.0,1,62000.0,77351.53030008684
Z7II,2021-11-16,70000.0,1,70000.0,76371.32626007526
Z7II,2021-11-23,60600.0,5,60600.0,74268.4827587319
Z7II,2021-12-07,81500.0,1,81500.0,75232.68505756765
Z7II,2022-01-04,65000.0,1,65000.0,73868.32704989197
Z7II,2022-01-11,80500.0,2,80500.0,74752.55010990638
Z7II,2022-01-18,70000.0,1,70000.0,74118.87676191887
Z7II,2022-01-25,64500.0,2,64500.0,72836.35986032969
Z7II,2022-03-08,76633.0,3,76633.0,73342.57854561906
Z7II,2022-04-26,71000.0,1,71000.0,73030.23473953652
Z7II,2022-05-24,60000.0,1,60000.0,71292.87010759831
Z7II,2022-06-07,72500.0,2,72500.0,71453.82075991854
Z7II,2022-07-05,71500.0,2,71500.0,71459.97799192941
Z7II,2022-07-26,77000.0,1,77000.0,72198.64759300549
Z7II,2022-08-02,75000.0,1,75000.0,72572.16124727143
Z7II,2022-08-23,76000.0,1,76000.0,73029.20641430191
Z7II,2022-09-06,78000.0,1,78000.0,73691.97889239498
Z7II,2022-09-27,75000.0,1,75000.0,73866.38170674232
Z7II,2022-11-01,73000.0,1,73000.0,73750.86414584334
Z7II,2022-11-08,73000.0,1,73000.0,73650.74892639756
Z7II,2022-12-13,62500.0,2,74000.0,73697.31573621123
Z7II,2023-01-17,75000.0,1,75000.0,73871.00697138306
Z7II,2023-01-24,75000.0,1,75000.0,74021.53937519866
Z7II,2023-02-07,74000.0,1,74000.0,74018.6674585055
Z7II,2023-02-21,72000.0,2,72000.0,73749.51179737144
Z7II,2023-02-28,64333.333333333336,3,64333.333333333336,72494.0213354997
Z7II,2023-03-07,72000.0,1,72000.0,72428.15182409974
Z7II,2023-03-21,65000.0,4,65000.0,71437.73158088644
Z7II,2023-04-04,72000.0,1,72000.0,71512.70070343491
Z7II,2023-04-18,65000.0,1,65000.0,70644.3406096436
Z7II,2023-04-25,66500.0,4,66500.0,70091.76186169112
Z7II,2023-05-02,67000.0,1,67000.0,69679.52694679897
Z7II,2023-05-09,66000.0,4,66000.0,69188.92335389245
Z7II,2023-05-23,63250.0,8,63250.0,68397.0669067068
Z7II,2023-05-30,61980.0,5,61980.0,67541.45798581257
Z7II,2023-06-06,63666.666666666664,3,63666.666666666664,67024.81914325978
Z7II,2023-06-13,62625.0,8,62625.0,66438.17659082514
Z7II,2023-06-20,60500.0,2,60500.0,65646.41971204846
Z7II,2023-06-27,60000.0,1,60000.0,64893.563750442
Z7II,2023-07-04,59000.0,3,59000.0,64107.75525038307
Z7II,2023-07-11,58500.0,2,58500.0,63360.054550331995
Z7II,2023-07-18,60000.0,1,60000.0,62912.0472769544
Z7II,2023-08-08,60000.0,1,60000.0,62523.77430669381
Z7II,2023-08-15,60000.0,1,60000.0,62187.27106580131
Z7II,2023-09-05,60000.0,1,60000.0,61895.63492369447
Z7II,2023-09-12,60000.0,1,60000.0,61642.88360053521
Z7II,2023-09-26,62000.0,1,62000.0,61690.49912046385
Z7II,2023-10-03,60500.0,3,60500.0,61531.765904402004
Z7II,2023-10-10,57333.333333333336,3,60000.0,61327.53045048174
Z7II,2023-10-17,55100.0,5,60000.0,61150.52639041751
Z7II,2023-10-24,55500.0,2,60000.0,60997.122871695174
Z7II,2023-11-07,60500.0,4,60500.0,60930.839822135815
Z7II,2023-11-14,56000.0,1,56000.0,60273.394512517705
Z7II,2023-11-28,60200.0,5,60200.0,60263.60857751534
Z7II,2024-01-09,49900.0,1,49900.0,58881.794100513296
Z7II,2024-01-30,50000.0,1,50000.0,57697.554887111524
Z7II,2024-02-13,58000.0,1,58000.0,57737.88090216333
Z7II,2024-03-05,58500.0,1,58500.0,57839.496781874885
Z7II,2024-04-02,50000.0,1,50000.0,56794.23054429157
Z7II,2024-04-09,53000.0,1,53000.0,56288.33313838603
Z7II,2024-04-30,47000.0,1,47000.0,55049.888719934555
Z7II,2024-05-14,60000.0,1,60000.0,55709.903557276615
Z7II,2024-05-21,55000.0,1,55000.0,55615.24974963973
Z7II,2024-06-04,53000.0,2,53000.0,55266.5497830211
Z7II,2024-06-11,55000.0,1,55000.0,55231.009811951626
Z7II,2024-06-18,56625.0,4,56625.0,55416.87517035808
Z7II,2024-06-25,60000.0,1,60000.0,56027.958480977
Z7II,2024-07-02,60000.0,1,60000.0,56557.564016846736
Z7II,2024-07-16,58750.0,4,58750.0,56849.88881460051
Z7II,2024-07-30,60083.333333333336,6,60083.333333333336,57281.014750431554
Z7II,2024-08-13,48666.666666666664,3,48666.666666666664,56132.43500592957
Z7II,2024-08-20,53000.0,1,53000.0,55714.77700513896
Z7II,2024-08-27,50500.0,2,50500.0,55019.47340445377
Z7II,2024-09-03,49000.0,2,49000.0,54216.8769505266
Z7II,2024-09-10,47000.0,1,47000.0,53254.62669045639
Z7II,2024-09-24,44333.333333333336,3,44333.333333333336,52065.12090950665
Z7II,2024-10-01,50000.0,1,50000.0,51789.771454905764
Z7II,2024-10-08,52000.0,2,52000.0,51817.801927585
Z7II,2024-10-15,99999.0,3,52000.0,51842.09500390701
Z7II,2024-10-22,99999.0,1,50500.0,51663.149003386075
Z7II,2024-10-29,99999.0,1,50000.0,51441.395802934596
Z7II,2024-11-05,99999.0,1,50000.0,51249.20969587665
Z7II,2024-11-12,85666.0,3,50000.0,51082.648403093095
Z7II,2024-11-19,54000.0,1,54000.0,51471.628616014015
Z7II,2024-12-03,46000.0,1,46000.0,50742.078133878815
Z7II,2024-12-24,45000.0,2,45000.0,49976.46771602831
Z7II,2024-12-31,46000.0,1,46000.0,49446.27202055787
Z7II,2025-01-07,43500.0,2,43500.0,48653.43575115016
Z7II,2025-01-14,52333.333333333336,3,52333.333333333336,49144.08876210792
Z7II,2025-01-21,48000.0,1,48000.0,48991.543593826864
Z7II,2025-01-28,50000.0,1,50000.0,49126.00444798328
Z7II,2025-02-04,99999.0,1,48000.0,48975.87052158551
Z7II,2025-03-11,51333.333333333336,3,51333.333333333336,49290.19889648522
Z7II,2025-03-18,50000.0,1,50000.0,49384.83904362052
Z7II,2025-04-01,44000.0,1,44000.0,48666.86050447112
Z7II,2025-04-29,45000.0,1,45000.0,48177.94577054164
Z7II,2025-05-13,54500.0,2,54500.0,49020.886334469425
Z7II,2025-06-24,44250.0,2,44250.0,48384.76815654017
Z7II,2025-07-22,99999.0,2,50000.0,48600.13240233481
Z7II,2025-07-29,81666.0,3,50000.0,48786.78141535684
Z7II,2025-08-12,99999.0,1,46000.0,48415.21055997593
Z7II,2025-08-26,41000.0,1,41000.0,47426.51581864581
Z7II,2025-09-16,74499.5,2,45500.0,47169.647042826364
Z7II,2025-09-23,70999.5,2,45500.0,46947.02743711618
Z7II,2025-10-07,46000.0,1,46000.0,46820.75711216736
Z7II,2025-10-14,42000.0,1,42000.0,46177.98949721171
Z7II,2025-11-04,38000.0,1,38000.0,45087.59089758348
Z7II,2025-11-11,40000.0,1,40000.0,44409.245444572356
Z7II,2025-11-18,40000.0,1,40000.0,43821.34605196271
Z8,2023-05-23,121166.66666666667,3,121166.66666666667,121166.66666666667
Z8,2023-05-30,121000.0,1,121000.0,121144.44444444445
Z8,2023-06-27,120900.0,1,120900.0,121111.85185185187
Z8,2023-07-11,117000.0,1,117000.0,120563.60493827163
Z8,2023-07-25,120000.0,1,120000.0,120488.45761316875
Z8,2023-08-29,200000.0,1,118333.33333333333,120201.1077091907
Z8,2023-09-05,110000.0,2,110000.0,118840.96001463196
Z8,2023-09-19,118333.33333333333,3,118333.33333333333,118773.27645712548
Z8,2023-09-26,120240.0,5,120240.0,118968.83959617541
Z8,2023-10-03,118233.33333333333,6,118233.33333333333,118870.77209446313
Z8,2023-10-10,116280.0,5,116280.0,118525.33581520138
Z8,2023-10-17,111500.0,4,111500.0,117588.62437317453
Z8,2023-10-24,110000.0,2,110000.0,116576.80779008461
Z8,2023-11-07,102000.0,1,102000.0,114633.23341807333
Z8,2023-12-19,99333.33333333333,3,99333.33333333333,112593.24674010799
Z8,2023-12-26,109500.0,4,109500.0,112180.81384142693
Z8,2024-01-02,108500.0,2,108500.0,111690.03866257002
Z8,2024-01-09,109000.0,1,109000.0,111331.36684089401
Z8,2024-01-16,96600.0,5,96600.0,109367.18459544147
Z8,2024-01-23,100000.0,4,100000.0,108118.2266493826
Z8,2024-01-30,103000.0,7,103000.0,107435.79642946491
Z8,2024-02-06,100000.0,1,100000.0,106444.35690553626
Z8,2024-02-13,97500.0,6,97500.0,105251.77598479809
Z8,2024-02-27,99000.0,3,99000.0,104418.20585349169
Z8,2024-03-05,91250.0,4,91250.0,102662.44507302613
Z8,2024-03-19,90000.0,1,90000.0,100974.11906328931
Z8,2024-03-26,95000.0,1,95000.0,100177.56985485075
Z8,2024-04-02,95750.0,4,95750.0,99587.22720753732
Z8,2024-04-16,97000.0,2,97000.0,99242.26357986567
Z8,2024-05-07,87000.0,1,87000.0,97609.96176921691
Z8,2024-05-14,85000.0,1,94999.5,97261.900199988
Z8,2024-05-21,96000.0,1,96000.0,97093.6468399896
Z8,2024-05-28,90000.0,2,94999.5,96814.42726132432
Z8,2024-06-04,96000.0,1,96000.0,96705.83695981442
Z8,2024-06-18,88333.33333333333,3,94999.5,96478.32536517251
Z8,2024-06-25,94749.75,4,94749.75,96247.84864981618
Z8,2024-07-02,95000.0,1,95000.0,96081.4688298407
Z8,2024-07-09,94999.5,2,94999.5,95937.20631919528
Z8,2024-07-16,94600.0,5,94600.0,95758.91214330257
Z8,2024-07-23,95000.0,5,95000.0,95657.72385752891
Z8,2024-07-30,92666.66666666667,3,92666.66666666667,95258.91623208062
Z8,2024-08-06,87333.33333333333,3,87333.33333333333,94202.17184558098
Z8,2024-08-13,90000.0,4,90000.0,93641.88226617019
Z8,2024-08-27,90000.0,2,90000.0,93156.29796401416
Z8,2024-09-03,90000.0,1,90000.0,92735.45823547895
Z8,2024-09-10,91500.0,2,91500.0,92570.73047074843
Z8,2024-09-17,91750.0,4,91750.0,92461.2997413153
Z8,2024-09-24,90000.0,1,90000.0,92133.12644247327
Z8,2024-10-01,100000.0,1,90000.0,91848.70958347683
Z8,2024-10-08,96000.0,2,96000.0,92402.21497234658
Z8,2024-10-15,96000.0,2,96000.0,92881.91964270038
Z8,2024-10-29,93444.0,2,93444.0,92956.86369034032
Z8,2024-11-05,91000.0,1,91000.0,92695.94853162828
Z8,2024-11-19,90000.0,1,90000.0,92336.48872741118
Z8,2024-12-03,87500.0,2,87500.0,91691.62356375637
Z8,2024-12-31,81500.0,2,81500.0,90332.7404219222
Z8,2025-01-14,86300.0,2,86300.0,89795.04169899924
Z8,2025-01-21,89000.0,2,89000.0,89689.03613913267
Z8,2025-02-11,84000.0,1,84000.0,88930.49798724832
Z8,2025-02-25,83500.0,4,83500.0,88206.43158894854
Z8,2025-03-11,86000.0,1,86000.0,87912.24071042208
Z8,2025-03-18,88663.33333333333,3,88663.33333333333,88012.38639347692
Z8,2025-03-25,90999.75,4,90999.75,88410.70154101333
Z8,2025-04-08,83750.0,4,83750.0,87789.27466887824
Z8,2025-04-15,82500.0,2,82500.0,87084.03804636114
Z8,2025-04-22,84000.0,3,84000.0,86672.83297351298
Z8,2025-04-29,82700.0,5,82700.0,86143.12191037793
Z8,2025-05-06,80600.0,5,80600.0,85404.03898899422
Z8,2025-05-13,81000.0,2,81000.0,84816.83379046166
Z8,2025-05-20,77000.0,1,77000.0,83774.58928506679
Z8,2025-05-27,81000.0,4,81000.0,83404.64404705788
Z8,2025-06-03,77666.66666666667,3,80600.0,83030.69150745017
Z8,2025-06-10,81000.0,2,81000.0,82759.93263979016
Z8,2025-06-17,78000.0,2,78000.0,82125.2749544848
Z8,2025-07-08,80000.0,2,80000.0,81841.90496055351
Z8,2025-07-15,81000.0,2,81000.0,81729.65096581304
Z8,2025-07-22,80000.0,1,80000.0,81499.03083703798
Z8,2025-07-29,80000.0,2,80000.0,81299.16005876625
Z8,2025-08-05,80000.0,3,80000.0,81125.93871759743
Z8,2025-08-19,78000.0,1,78000.0,80709.14688858444
Z8,2025-08-26,84500.0,1,84500.0,81214.59397010652
Z8,2025-09-02,78250.0,4,78250.0,80819.31477409232
Z8,2025-09-09,73250.0,4,73250.0,79810.07280421334
Z8,2025-09-16,75000.0,1,75000.0,79168.72976365156
Z8,2025-09-23,79250.0,2,79250.0,79179.56579516469
Z8,2025-09-30,99999.0,1,78250.0,79055.62368914273
Z8,2025-10-07,70000.0,1,70000.0,77848.20719725703
Z8,2025-10-21,79833.33333333333,3,79833.33333333333,78112.8906820672
Z8,2025-10-28,70000.0,1,70000.0,77031.17192445823
Z8,2025-11-04,81750.0,2,81750.0,77660.34900119714
Z8,2025-11-18,78000.0,2,78000.0,77705.63580103753
Z8,2025-11-25,74000.0,2,74000.0,77211.55102756586
Z8,2025-12-16,81000.0,2,81000.0,77716.67755722375
Z9,2021-12-28,165000.0,1,165000.0,165000.0
Z9,2022-01-04,173333.33333333334,3,173333.33333333334,166111.11111111112
Z9,2022-02-22,165000.0,1,165000.0,165962.96296296298
Z9,2022-03-08,210000.0,3,171000.0,166634.56790123458
Z9,2022-03-22,192000.0,1,192000.0,170016.6255144033
Z9,2022-04-05,165000.0,1,165000.0,169347.74211248287
Z9,2022-07-26,175000.0,2,175000.0,170101.37649748518
Z9,2022-08-02,170000.0,1,170000.0,170087.8596311538
Z9,2022-08-09,176000.0,1,176000.0,170876.14501366662
Z9,2022-08-16,171000.0,2,171000.0,170892.6590118444
Z9,2022-09-06,161500.0,4,161500.0,169640.30447693184
Z9,2022-09-13,160000.0,2,160000.0,168354.93054667427
Z9,2022-09-20,158500.0,4,158500.0,167040.9398071177
Z9,2022-09-27,151250.0,4,151250.0,164935.48116616867
Z9,2022-10-04,139000.0,1,139000.0,161477.41701067952
Z9,2022-10-18,150000.0,1,150000.0,159947.09474258893
Z9,2022-11-08,165000.0,3,165000.0,160620.81544357707
Z9,2022-11-15,160000.0,1,160000.0,160538.04005110014
Z9,2022-11-22,160000.0,1,160000.0,160466.30137762014
Z9,2022-12-06,160000.0,1,160000.0,160404.12786060415
Z9,2022-12-13,150000.0,1,150000.0,159016.9108125236
Z9,2022-12-20,160000.0,1,160000.0,159147.9893708538
Z9,2023-01-03,99999.0,1,150000.0,157928.25745473994
Z9,2023-01-17,150000.0,1,150000.0,156871.15646077463
Z9,2023-01-24,151666.66666666666,3,151666.66666666666,156177.2244882269
Z9,2023-02-07,149000.0,1,149000.0,155220.26122313
Z9,2023-02-28,145000.0,2,145000.0,153857.55972671267
Z9,2023-03-14,145666.66666666666,3,145666.66666666666,152765.44065203986
Z9,2023-03-28,145000.0,1,145000.0,151730.04856510123
Z9,2023-04-04,125000.0,2,125000.0,148166.0420897544
Z9,2023-04-25,139000.0,1,139000.0,146943.90314445383
Z9,2023-05-09,128333.33333333333,3,128333.33333333333,144462.49383630443
Z9,2023-05-16,140000.0,5,140000.0,143867.4946581305
Z9,2023-05-23,132166.66666666666,6,132166.66666666666,142307.38425926867
Z9,2023-06-06,140000.0,1,140000.0,141999.73302469953
Z9,2023-06-20,130000.0,1,130000.0,140399.76862140626
Z9,2023-06-27,126666.66666666667,3,126666.66666666667,138568.6883607743
Z9,2023-08-08,125000.0,1,125000.0,136759.52991267107
Z9,2023-08-15,130000.0,1,130000.0,135858.25925764826
Z9,2023-08-29,140000.0,2,140000.0,136410.49135662848
Z9,2023-09-05,136500.0,6,136500.0,136422.42584241135
Z9,2023-09-12,108000.0,1,108000.0,132632.76906342315
Z9,2023-09-19,130000.0,1,130000.0,132281.73318830007
Z9,2023-10-03,113333.0,3,113333.0,129755.23542986007
Z9,2023-10-17,130000.0,1,130000.0,129787.87070587873
Z9,2023-10-24,125000.0,1,125000.0,129149.48794509491
Z9,2023-11-07,125000.0,3,125000.0,128596.22288574892
Z9,2023-12-12,130000.0,1,130000.0,128783.39316764906
Z9,2023-12-19,129500.0,4,129500.0,128878.94074529585
Z9,2023-12-26,125000.0,3,125000.0,128361.74864592309
Z9,2024-01-16,120000.0,1,120000.0,127246.84882646668
Z9,2024-01-30,146000.0,1,146000.0,129747.26898293779
Z9,2024-02-06,100000.0,1,123000.0,128847.63311854609
Z9,2024-02-20,112500.0,2,112500.0,126667.94870273994
Z9,2024-03-05,123000.0,3,123000.0,126178.88887570795
Z9,2024-06-04,123000.0,1,123000.0,125755.03702561356
Z9,2024-06-11,116000.0,1,116000.0,124454.36542219843
Z9,2024-09-03,118000.0,1,118000.0,123593.78336590531
Z9,2024-09-10,102499.5,2,102499.5,120781.21225045128
Z9,2024-09-24,118000.0,1,118000.0,120410.38395039111
Z9,2024-10-08,130000.0,2,130000.0,121688.9994236723
Z9,2024-10-15,122000.0,3,122000.0,121730.46616718266
Z9,2024-10-22,120000.0,1,120000.0,121499.73734489165
Z9,2024-11-05,115000.0,1,115000.0,120633.10569890609
Z9,2024-11-12,110000.0,1,110000.0,119215.35827238529
Z9,2024-11-19,114000.0,4,114000.0,118519.97716940059
Z9,2024-11-26,110000.0,1,110000.0,117383.98021348052
Z9,2024-12-03,107500.0,2,107500.0,116066.11618501645
Z9,2024-12-17,103000.0,1,103000.0,114323.96736034758
Z9,2025-02-11,116500.0,2,116500.0,114614.10504563457
Z9,2025-02-18,110000.0,3,110000.0,113998.89103954997
Z9,2025-02-25,108000.0,1,108000.0,113199.03890094331
Z9,2025-03-04,110000.0,1,110000.0,112772.50038081754
Z9,2025-03-11,105000.0,2,105000.0,111736.16699670853
Z9,2025-03-18,111666.66666666667,3,111666.66666666667,111726.90028603628
Z9,2025-04-01,103333.33333333333,3,103333.33333333333,110607.7580256759
Z9,2025-04-08,100000.0,2,100000.0,109193.39028891911
Z9,2025-04-15,94000.0,2,94000.0,107167.60491706323
Z9,2025-04-22,95000.0,1,95000.0,105545.25759478814
Z9,2025-04-29,100000.0,1,100000.0,104805.88991548306
Z9,2025-05-06,94333.33333333333,3,94333.33333333333,103409.54903786311
Z9,2025-05-27,93000.0,2,93000.0,102021.60916614803
Z9,2025-07-01,99000.0,1,99000.0,101618.72794399496
Z9,2025-07-15,105000.0,1,95000.0,100736.23088479564
Z9,2025-07-22,95000.0,1,95000.0,99971.40010015623
Z9,2025-08-19,95000.0,1,95000.0,99308.54675346873
Z9,2025-09-23,86000.0,1,95000.0,98734.07385300624
Z9,2025-09-30,96000.0,1,96000.0,98369.53067260541
Z9,2025-10-14,96000.0,1,96000.0,98053.59324959136
Z9,2025-10-21,96000.0,1,96000.0,97779.78081631252
Z9,2025-10-28,95000.0,2,95000.0,97409.14337413752
Z9,2025-11-04,95000.0,1,95000.0,97087.92425758587
Z9,2025-11-18,93000.0,2,93000.0,96542.86768990775
Z9,2025-11-25,92500.0,2,92500.0,96003.81866458672
Z9,2025-12-02,90000.0,2,95000.0,95869.97617597517
Z9,2025-12-30,90000.0,2,95000.0,95753.97935251183
